{"_type":"export","__export_format":4,"__export_date":"2025-03-07T17:22:38.009Z","__export_source":"insomnia.desktop.app:v10.3.1","resources":[{"_id":"req_88ccc4aea1314db5aabf6a391904eee1","parentId":"fld_8e6925745d07471bb8271ff8618f7eb7","modified":1741352984584,"created":1741198117700,"url":"localhost:8080/categories","name":"index","description":"","method":"GET","body":{},"parameters":[],"headers":[{"name":"User-Agent","value":"insomnia/10.3.1"}],"authentication":{},"metaSortKey":-1741352974269,"isPrivate":false,"pathParameters":[],"settingStoreCookies":true,"settingSendCookies":true,"settingDisableRenderRequestBody":false,"settingEncodeUrl":true,"settingRebuildPath":true,"settingFollowRedirects":"global","_type":"request"},{"_id":"fld_8e6925745d07471bb8271ff8618f7eb7","parentId":"wrk_bc77064ff1ea448092f3f471cfbb1fc0","modified":1741352918052,"created":1741352918052,"name":"Categories","description":"","environment":{},"environmentPropertyOrder":null,"metaSortKey":-1741352918052,"environmentType":"kv","_type":"request_group"},{"_id":"wrk_bc77064ff1ea448092f3f471cfbb1fc0","parentId":null,"modified":1741198098080,"created":1741198098080,"name":"My Collection","description":"","scope":"collection","_type":"workspace"},{"_id":"req_b964dc842092479ea3aeef344624115f","parentId":"fld_8e6925745d07471bb8271ff8618f7eb7","modified":1741352979783,"created":1741198450727,"url":"localhost:8080/categories","name":"create","description":"","method":"POST","body":{"mimeType":"application/json","text":"\t{\n\t\t\"name\": \"Lazer\",\n\t\t\"icon\": \"dice\"\n\t}"},"parameters":[],"headers":[{"name":"Content-Type","value":"application/json"},{"name":"User-Agent","value":"insomnia/10.3.1"}],"authentication":{},"metaSortKey":-1741352974169,"isPrivate":false,"pathParameters":[],"settingStoreCookies":true,"settingSendCookies":true,"settingDisableRenderRequestBody":false,"settingEncodeUrl":true,"settingRebuildPath":true,"settingFollowRedirects":"global","_type":"request"},{"_id":"req_ce040a56395a48119e347b69ac7e0f39","parentId":"fld_8e6925745d07471bb8271ff8618f7eb7","modified":1741352995528,"created":1741352953907,"url":"localhost:8080/categories/1","name":"get","description":"","method":"GET","body":{},"parameters":[],"headers":[{"name":"User-Agent","value":"insomnia/10.3.1"}],"authentication":{},"metaSortKey":-1741352974144,"isPrivate":false,"pathParameters":[],"settingStoreCookies":true,"settingSendCookies":true,"settingDisableRenderRequestBody":false,"settingEncodeUrl":true,"settingRebuildPath":true,"settingFollowRedirects":"global","_type":"request"},{"_id":"req_ca48fac9017946358a9f948dcddf2148","parentId":"fld_8e6925745d07471bb8271ff8618f7eb7","modified":1741352989102,"created":1741198146966,"url":"localhost:8080/categories/1","name":"destroy","description":"","method":"DELETE","body":{},"parameters":[],"headers":[{"name":"User-Agent","value":"insomnia/10.3.1"}],"authentication":{},"metaSortKey":-1741352974131.5,"isPrivate":false,"pathParameters":[],"settingStoreCookies":true,"settingSendCookies":true,"settingDisableRenderRequestBody":false,"settingEncodeUrl":true,"settingRebuildPath":true,"settingFollowRedirects":"global","_type":"request"},{"_id":"req_3b5f144179004f5caf07088be8336a2d","parentId":"fld_8e6925745d07471bb8271ff8618f7eb7","modified":1741359656654,"created":1741198481381,"url":"localhost:8080/categories/10","name":"update","description":"","method":"PUT","body":{"mimeType":"application/json","text":"\t{\n\t\t\"name\": \"Lazer\",\n\t\t\"icon\": \"casino\"\n\t}"},"parameters":[],"headers":[{"name":"Content-Type","value":"application/json"},{"name":"User-Agent","value":"insomnia/10.3.1"}],"authentication":{},"metaSortKey":-1741352974119,"isPrivate":false,"pathParameters":[],"settingStoreCookies":true,"settingSendCookies":true,"settingDisableRenderRequestBody":false,"settingEncodeUrl":true,"settingRebuildPath":true,"settingFollowRedirects":"global","_type":"request"},{"_id":"env_a02fd18da501ecbbbecee781ff688a50c7f48472","parentId":"wrk_bc77064ff1ea448092f3f471cfbb1fc0","modified":1741198098083,"created":1741198098083,"name":"Base Environment","data":{},"dataPropertyOrder":null,"color":null,"isPrivate":false,"metaSortKey":1741198098083,"environmentType":"kv","_type":"environment"},{"_id":"jar_a02fd18da501ecbbbecee781ff688a50c7f48472","parentId":"wrk_bc77064ff1ea448092f3f471cfbb1fc0","modified":1741198098084,"created":1741198098084,"name":"Default Jar","cookies":[],"_type":"cookie_jar"}]}